Title,Company,Location,Reward,Link
https://www.wanted.co.kr/wd/289703,Flutter 개발자,코세틱,합격보상금 100만원
https://www.wanted.co.kr/wd/288197,Flutter 크로스플랫폼 앱 개발자 (3년 이상),스튜디오프리윌루전,합격보상금 100만원
https://www.wanted.co.kr/wd/276214,[Flutter] Mobile Engineer,에이아이커넥트,합격보상금 100만원
https://www.wanted.co.kr/wd/288422,"[워크농] 풀스택 개발자(Flutter, Firebase)",모두의플래닛,합격보상금 100만원
https://www.wanted.co.kr/wd/282786,Flutter Web 개발자 (Mid-level / 2년 이상),동신항운,합격보상금 100만원
https://www.wanted.co.kr/wd/279435,Flutter/Dart 풀스택 엔지니어,코코드,합격보상금 100만원
https://www.wanted.co.kr/wd/282789,Flutter Web 개발자 (Senior / 5년 이상),동신항운,합격보상금 100만원
https://www.wanted.co.kr/wd/215084,Flutter 모바일 개발,버터플라잉,합격보상금 100만원
https://www.wanted.co.kr/wd/289703,Flutter 개발자,코세틱,합격보상금 100만원
https://www.wanted.co.kr/wd/288197,Flutter 크로스플랫폼 앱 개발자 (3년 이상),스튜디오프리윌루전,합격보상금 100만원
https://www.wanted.co.kr/wd/276214,[Flutter] Mobile Engineer,에이아이커넥트,합격보상금 100만원
https://www.wanted.co.kr/wd/288422,"[워크농] 풀스택 개발자(Flutter, Firebase)",모두의플래닛,합격보상금 100만원
https://www.wanted.co.kr/wd/282786,Flutter Web 개발자 (Mid-level / 2년 이상),동신항운,합격보상금 100만원
https://www.wanted.co.kr/wd/279435,Flutter/Dart 풀스택 엔지니어,코코드,합격보상금 100만원
https://www.wanted.co.kr/wd/282789,Flutter Web 개발자 (Senior / 5년 이상),동신항운,합격보상금 100만원
https://www.wanted.co.kr/wd/215084,Flutter 모바일 개발,버터플라잉,합격보상금 100만원
https://www.wanted.co.kr/wd/120477,프론트엔드 개발자,플립커뮤니케이션즈,합격보상금 100만원
https://www.wanted.co.kr/wd/283638,프론트엔드개발자[FLUTTER],피앤에이치글로벌,합격보상금 100만원
https://www.wanted.co.kr/wd/273403,Flutter App Senior 개발자,셀러비코리아,합격보상금 100만원
https://www.wanted.co.kr/wd/191442,"개발팀장 (플러터+백엔드 개발, 5년 이상)",더블유클럽,합격보상금 100만원
https://www.wanted.co.kr/wd/279508,[Plus]Flutter 개발자,앤서스랩코리아,합격보상금 100만원
https://www.wanted.co.kr/wd/256864,Flutter 개발자,한국클라우드,합격보상금 100만원
https://www.wanted.co.kr/wd/262569,플러터(Flutter) 웹(Web) 개발자,에이치아이티,합격보상금 100만원
https://www.wanted.co.kr/wd/168259,[병역특례 현역/보충역] Flutter개발자,넛지헬스케어(캐시워크),합격보상금 100만원
https://www.wanted.co.kr/wd/260050,프론트엔드 개발 리드 (7년차 이상),페이버릿미디엄,합격보상금 100만원
https://www.wanted.co.kr/wd/99737,Flutter 개발자,코보시스,합격보상금 100만원
https://www.wanted.co.kr/wd/287657,Flutter 앱 개발자,투어라이브,합격보상금 100만원
https://www.wanted.co.kr/wd/287875,[개발] Flutter 개발자 (4년차 이상),아이알큐더스,합격보상금 100만원
https://www.wanted.co.kr/wd/288129,린다이어트 모바일/Flutter 개발자,인티그레이션(메디스트림),합격보상금 100만원
https://www.wanted.co.kr/wd/262121,모바일 엔지니어 (Flutter),엘리스,합격보상금 100만원
https://www.wanted.co.kr/wd/278519,[애드테크/마케팅/리워드앱] 앱 개발자 (프론트엔드),원셀프월드,합격보상금 100만원
https://www.wanted.co.kr/wd/228740,모바일 앱 개발자 (Flutter),트리플콤마(골드스푼),합격보상금 100만원
https://www.wanted.co.kr/wd/282762,"안드로이드 개발자 (Flutter, Android)",그래픽,합격보상금 100만원
https://www.wanted.co.kr/wd/282277,[재택가능] Flutter 개발자 (온라인 교육 & 프로젝트 개발),코드코호트,합격보상금 100만원
https://www.wanted.co.kr/wd/284909,Flutter 앱 개발자,테일크루(Talecrew),합격보상금 100만원
https://www.wanted.co.kr/wd/279125,"플러터 개발자 (Flutter, 3년 이상)",클레온,합격보상금 100만원
https://www.wanted.co.kr/wd/285393,프론트엔드 개발자 (Frontend Developer/Flutter),루다메디스트림,합격보상금 100만원
https://www.wanted.co.kr/wd/73811,플러터 + Node.js 풀스택 개발자 (3년 이상),더블유클럽,합격보상금 100만원
https://www.wanted.co.kr/wd/285268,[딥테크팁스] 디지털헬스케어 프론트엔드(Flutter) 개발자,파인디지털헬스,합격보상금 100만원
https://www.wanted.co.kr/wd/288478,"앱(IOS, AOS, Flutter) 개발자",그립랩스,합격보상금 100만원
https://www.wanted.co.kr/wd/269482,"모바일 앱 개발자 (Flutter, iOS, Android)",에임(AIM),합격보상금 100만원
https://www.wanted.co.kr/wd/283632,Flutter 시니어 개발자,KAYPLE,합격보상금 100만원
https://www.wanted.co.kr/wd/282788,Flutter Web 개발자 (Junior  / 신입 1년 이하),동신항운,합격보상금 100만원
https://www.wanted.co.kr/wd/202044,Site Reliability Engineer,하이퍼커넥트,합격보상금 100만원
https://www.wanted.co.kr/wd/270410,앱 개발자 (Flutter),누비랩,합격보상금 100만원
https://www.wanted.co.kr/wd/285983,유저 애플리케이션·웹 개발자 (Flutter + FFmpeg),위시,합격보상금 20만원
https://www.wanted.co.kr/wd/220132,"프론트엔드 / 모바일 (Vue, Flutter) 엔지니어",드래프티파이,합격보상금 100만원
